id,text,timestamp
1,"This product exceeded all my expectations! The quality is outstanding and delivery was super fast. Highly recommend to everyone!",2024-01-15 10:30:00
2,"Absolutely terrible experience. The item arrived damaged and customer service was unhelpful. Very disappointed.",2024-01-15 11:45:00
3,"It's okay. Nothing special but does the job. Average quality for the price.",2024-01-15 12:00:00
4,"Amazing! Best purchase I've made this year. The features are incredible and it works perfectly.",2024-01-15 13:15:00
5,"Not worth the money. Poor quality materials and doesn't work as advertised. Waste of time.",2024-01-15 14:30:00
6,"Pretty good overall. A few minor issues but generally satisfied with the purchase.",2024-01-15 15:45:00
7,"Fantastic product! Exceeded my expectations in every way. Will definitely buy again.",2024-01-15 16:00:00
8,"Horrible. Broke after just one week of use. Do not buy this!",2024-01-15 17:15:00
9,"Decent product. Works as described. Nothing to complain about but nothing extraordinary either.",2024-01-15 18:30:00
10,"Love it! Perfect for my needs and the price was very reasonable. Great value for money.",2024-01-15 19:45:00
11,"Very disappointing. The description was misleading and the quality is subpar.",2024-01-16 09:00:00
12,"Excellent! Exactly what I was looking for. Fast shipping and great packaging too.",2024-01-16 10:15:00
13,"Meh. It's fine I guess. Not impressed but not upset either.",2024-01-16 11:30:00
14,"Outstanding quality and performance! This is a game changer. Highly recommended!",2024-01-16 12:45:00
15,"Terrible quality. Feels cheap and flimsy. Returning it immediately.",2024-01-16 14:00:00
16,"Good product for the price. Does what it's supposed to do without any issues.",2024-01-16 15:15:00
17,"Absolutely love this! Best decision ever. Can't imagine life without it now.",2024-01-16 16:30:00
18,"Not satisfied at all. Many features don't work properly. Very frustrating.",2024-01-16 17:45:00
19,"It's alright. Meets basic expectations but nothing more.",2024-01-16 19:00:00
20,"Incredible! The best in its category. Worth every penny and more!",2024-01-16 20:15:00
21,"Poor design and functionality. Regret buying this. Complete waste of money.",2024-01-17 08:30:00
22,"Really happy with this purchase. Good quality and works great!",2024-01-17 09:45:00
23,"Average at best. There are better options available for the same price.",2024-01-17 11:00:00
24,"Phenomenal! This has made my life so much easier. Thank you!",2024-01-17 12:15:00
25,"Awful experience from start to finish. Product is defective and support is non-existent.",2024-01-17 13:30:00
26,"Solid product. No complaints. Does exactly what it promises.",2024-01-17 14:45:00
27,"Brilliant! Innovative design and excellent performance. Five stars!",2024-01-17 16:00:00
28,"Very poor quality. Stopped working after a few days. Don't waste your money.",2024-01-17 17:15:00
29,"It's okay for the price. Nothing fancy but gets the job done.",2024-01-17 18:30:00
30,"Perfect! Exactly as described and even better in person. Couldn't be happier!",2024-01-17 19:45:00
